Original URL,Migrated URL,AOE Approval Date,Customer Approval Date,Notes
https://www.xenazineusa.com/hcp,https://main--lundbeck-xenazineusa--aemdemos.aem.page/hcp,2026-07-09T07:25:21-04:00 CH,,
https://www.xenazineusa.com/,https://main--lundbeck-xenazineusa--aemdemos.aem.page,2026-07-09T07:25:21-04:00 CH,,
https://www.vyepti.com/404,https://main--lundbeck-xenazineusa--aemdemos.aem.page/404,2026-07-09T07:25:21-04:00 CH,,
,,,,
,,,,
,,,,
,,,,
,,,,
,,,,
,,,,
,,,,
,,,,
,,,,
,,,,
,,,,
,,,,
,,,,
,,,,
,,,,
,,,,
,,,,
,,,,
,,,,
,,,,
,,,,
,,,,
,,,,
,,,,
,,,,
,,,,
,,,,
,,,,
,,,,
,,,,
,,,,
,,,,
,,,,
,,,,
,,,,
,,,,
,,,,
,,,,
,,,,
,,,,
,,,,
,,,,
,,,,
,,,,
,,,,
,,,,
,,,,
,,,,
,,,,
,,,,
,,,,
,,,,
,,,,
,,,,
,,,,
,,,,
,,,,
,,,,
,,,,
,,,,
,,,,/content/lundbeck/neurology/vyepti/vyepti/en_us/real-patient-stories
,,,,/content/lundbeck/neurology/vyepti/vyepti/en_us/vyepti-locator
,,,,/content/lundbeck/neurology/vyepti/vyepti/en_us/what-to-expect
,,,,/content/lundbeck/neurology/vyepti/vyepti/en_us/what-to-expect
,,,,/content/lundbeck/neurology/vyepti/vyepti/en_us/what-to-expect
,,,,/content/lundbeck/neurology/vyepti/vyepti/en_us/financial-assistance
,,,,/content/lundbeck/neurology/vyepti/vyepti/en_us/financial-assistance